,EVSE ID,energia_totale_kwh,ricavi_totali,costo_stimato,indirizzo_stazione
0,IT*F2X*EF2XITA1001*1,49617.256,33739.91,12404.314,A1 - Autostrada del Sole
1,IT*F2X*EF2XITA1001*2,43585.968,29598.91,10896.492,A1 - Autostrada del Sole
2,IT*F2X*EF2XITA1002*1,49459.712,33632.47,12364.928,A1 - Autostrada del Sole
3,IT*F2X*EF2XITA1002*2,46611.74,31696.0,11652.935,A1 - Autostrada del Sole
4,IT*F2X*EF2XITA1051*1,2471.11,1359.09,617.7775,A1 - Autostrada del Sole
5,IT*F2X*EF2XITA1051*2,1022.423,562.33,255.60575,A1 - Autostrada del Sole
6,IT*F2X*EF2XITA1051*3,924.85,416.08,231.2125,A1 - Autostrada del Sole
7,IT*F2X*EF2XITA1101*1,40850.536,27777.38,10212.634,A1 - Autostrada del Sole
8,IT*F2X*EF2XITA1101*2,24841.236,16891.81,6210.309,A1 - Autostrada del Sole
9,IT*F2X*EF2XITA1102*1,30770.212,20923.24,7692.553,A1 - Autostrada del Sole
10,IT*F2X*EF2XITA1102*2,42534.196,28881.19,10633.549,A1 - Autostrada del Sole
11,IT*F2X*EF2XITA1151*1,1481.374,799.96,370.3435,A1 - Autostrada del Sole
12,IT*F2X*EF2XITA1151*2,715.111,393.33,178.77775,A1 - Autostrada del Sole
13,IT*F2X*EF2XITA1151*3,937.096,421.74,234.274,A1 - Autostrada del Sole
14,IT*F2X*EF2XITA1501*1,4324.324,2903.83,1081.081,A1 - Autostrada del Sole
15,IT*F2X*EF2XITA1501*2,3002.322,2041.55,750.5805,A1 - Autostrada del Sole
16,IT*F2X*EF2XITA1502*1,7453.939,5068.66,1863.48475,A1 - Autostrada del Sole
17,IT*F2X*EF2XITA1502*2,6457.15,4390.9,1614.2875,A1 - Autostrada del Sole
18,IT*F2X*EF2XITA1551*1,528.374,290.61,132.0935,A1 - Autostrada del Sole
19,IT*F2X*EF2XITA1551*2,181.235,99.66,45.30875,A1 - Autostrada del Sole
20,IT*F2X*EF2XITA1551*3,167.278,75.28,41.8195,A1 - Autostrada del Sole
21,IT*F2X*EF2XITA1601*1,18112.062,12316.16,4528.0155,A1 - Autostrada del Sole
22,IT*F2X*EF2XITA1601*2,17722.486,12045.01,4430.6215,A1 - Autostrada del Sole
23,IT*F2X*EF2XITA1602*1,22440.445,15244.37,5610.11125,A1 - Autostrada del Sole
24,IT*F2X*EF2XITA1602*2,18908.276,12827.37,4727.069,A1 - Autostrada del Sole
25,IT*F2X*EF2XITA1651*1,3267.195,1797.01,816.79875,A1 - Autostrada del Sole
26,IT*F2X*EF2XITA1651*2,706.83,364.73,176.7075,A1 - Autostrada del Sole
27,IT*F2X*EF2XITA1651*3,861.002,341.35,215.2505,A1 - Autostrada del Sole
28,IT*F2X*EF2XITA2001*1,75481.964,51286.73,18870.491,A1 - Autostrada del Sole
29,IT*F2X*EF2XITA2001*2,57682.606,36859.15,14420.6515,A1 - Autostrada del Sole
30,IT*F2X*EF2XITA2002*1,75301.608,51205.17,18825.402,A1 - Autostrada del Sole
31,IT*F2X*EF2XITA2002*2,79792.46,54209.87,19948.115,A1 - Autostrada del Sole
32,IT*F2X*EF2XITA2051*1,11499.606,6324.83,2874.9015,A1 - Autostrada del Sole
33,IT*F2X*EF2XITA2051*2,1657.366,911.52,414.3415,A1 - Autostrada del Sole
34,IT*F2X*EF2XITA2051*3,1469.151,661.1,367.28775,A1 - Autostrada del Sole
35,IT*F2X*EF2XITA2101*1,40391.96,27465.98,10097.99,A1 - Autostrada del Sole
36,IT*F2X*EF2XITA2101*2,33914.626,23061.88,8478.6565,A1 - Autostrada del Sole
37,IT*F2X*EF2XITA2102*1,58061.592,39481.87,14515.398,A1 - Autostrada del Sole
38,IT*F2X*EF2XITA2102*2,45066.404,30645.08,11266.601,A1 - Autostrada del Sole
39,IT*F2X*EF2XITA2151*1,3717.013,2044.24,929.25325,A1 - Autostrada del Sole
40,IT*F2X*EF2XITA2151*2,1211.058,666.06,302.7645,A1 - Autostrada del Sole
41,IT*F2X*EF2XITA2151*3,1718.13,773.02,429.5325,A1 - Autostrada del Sole
42,IT*F2X*EF2XITA2501*1,3890.441,2642.41,972.61025,"A1, Milano - Napoli"
43,IT*F2X*EF2XITA2501*2,2725.243,1850.18,681.31075,"A1, Milano - Napoli"
44,IT*F2X*EF2XITA2502*1,1171.493,793.6800000000001,292.87325,"A1, Milano - Napoli"
45,IT*F2X*EF2XITA2502*2,2175.391,1468.6,543.84775,"A1, Milano - Napoli"
46,IT*F2X*EF2XITA2551*1,304.536,166.87,76.134,"A1, Milano - Napoli"
47,IT*F2X*EF2XITA2551*2,19.903,10.95,4.97575,"A1, Milano - Napoli"
48,IT*F2X*EF2XITA2551*3,17.151,6.55,4.28775,"A1, Milano - Napoli"
49,IT*F2X*EF2XITA2601*1,1816.5529999999999,1231.93,454.13824999999997,"A1, Milano - Napoli"
50,IT*F2X*EF2XITA2601*2,1241.564,840.65,310.391,"A1, Milano - Napoli"
51,IT*F2X*EF2XITA2602*1,2746.3179999999998,1861.2,686.5794999999999,"A1, Milano - Napoli"
52,IT*F2X*EF2XITA2602*2,2370.1259999999997,1607.27,592.5314999999999,"A1, Milano - Napoli"
53,IT*F2X*EF2XITA2651*1,276.485,148.21,69.12125,"A1, Milano - Napoli"
54,IT*F2X*EF2XITA2651*2,87.585,48.17,21.89625,"A1, Milano - Napoli"
55,IT*F2X*EF2XITA2651*3,111.51400000000001,49.53,27.878500000000003,"A1, Milano - Napoli"
56,IT*F2X*EF2XITA3001*1,87534.784,59523.37,21883.696,Autostrada del Sole
57,IT*F2X*EF2XITA3001*2,70503.728,47942.33,17625.932,Autostrada del Sole
58,IT*F2X*EF2XITA3002*1,74160.128,50395.54,18540.032,Autostrada del Sole
59,IT*F2X*EF2XITA3002*2,74092.272,50382.72,18523.068,Autostrada del Sole
60,IT*F2X*EF2XITA3003*1,6827.286,4642.6,1706.8215,Autostrada del Sole
61,IT*F2X*EF2XITA3003*2,9440.945,6419.78,2360.23625,Autostrada del Sole
62,IT*F2X*EF2XITA3004*1,8456.651,5750.53,2114.16275,Autostrada del Sole
63,IT*F2X*EF2XITA3004*2,4440.132,3019.3,1110.033,Autostrada del Sole
64,IT*F2X*EF2XITA3051*1,1233.837,675.28,308.45925,Autostrada del Sole
65,IT*F2X*EF2XITA3051*2,2743.342,1234.24,685.8355,Autostrada del Sole
66,IT*F2X*EF2XITA3101*1,39830.509,27078.01,9957.62725,Autostrada del Sole
67,IT*F2X*EF2XITA3101*2,43277.819,29369.56,10819.45475,Autostrada del Sole
68,IT*F2X*EF2XITA3102*1,57258.575,38856.0,14314.64375,Autostrada del Sole
69,IT*F2X*EF2XITA3102*2,46652.688,31713.43,11663.172,Autostrada del Sole
70,IT*F2X*EF2XITA3601*1,13120.183,8873.96,3280.04575,A1 - Autostrada del Sole
71,IT*F2X*EF2XITA3601*2,10581.883,7189.91,2645.47075,A1 - Autostrada del Sole
72,IT*F2X*EF2XITA3602*1,10284.655,6985.44,2571.16375,A1 - Autostrada del Sole
73,IT*F2X*EF2XITA3602*2,11784.396,7961.19,2946.099,A1 - Autostrada del Sole
74,IT*F2X*EF2XITA3651*1,840.207,460.66,210.05175,A1 - Autostrada del Sole
75,IT*F2X*EF2XITA3651*2,192.86599999999999,106.05,48.216499999999996,A1 - Autostrada del Sole
76,IT*F2X*EF2XITA3651*3,460.647,206.7,115.16175,A1 - Autostrada del Sole
77,IT*F2X*EF2XITA3701*1,30636.058,20793.27,7659.0145,A1 var. - Variante di Valico
78,IT*F2X*EF2XITA3701*2,26393.644,17939.8,6598.411,A1 var. - Variante di Valico
79,IT*F2X*EF2XITA3702*1,22106.792,15032.11,5526.698,A1 var. - Variante di Valico
80,IT*F2X*EF2XITA3702*2,21320.319,14497.2,5330.07975,A1 var. - Variante di Valico
81,IT*F2X*EF2XITA3751*1,2186.412,1197.96,546.603,A1 var. - Variante di Valico
82,IT*F2X*EF2XITA3751*2,491.61,270.34,122.9025,A1 var. - Variante di Valico
83,IT*F2X*EF2XITA3751*3,609.763,274.19,152.44075,A1 var. - Variante di Valico
84,IT*F2X*EF2XITA5501*1,31914.897,21701.82,7978.72425,Sesto Fiorentino
85,IT*F2X*EF2XITA5501*2,31480.913,21369.44,7870.22825,Sesto Fiorentino
86,IT*F2X*EF2XITA5502*1,41059.991,27920.7,10264.99775,Sesto Fiorentino
87,IT*F2X*EF2XITA5502*2,32239.067,21851.35,8059.76675,Sesto Fiorentino
88,IT*F2X*EF2XITA5551*1,2142.479,1178.36,535.61975,Sesto Fiorentino
89,IT*F2X*EF2XITA5551*2,853.298,469.3,213.3245,Sesto Fiorentino
90,IT*F2X*EF2XITA5551*3,0.016,0.0,0.004,Sesto Fiorentino
91,IT*F2X*EF2XITA6601*1,38688.188,26307.92,9672.047,A1 - Autostrada del Sole
92,IT*F2X*EF2XITA6601*2,37050.036,25086.15,9262.509,A1 - Autostrada del Sole
93,IT*F2X*EF2XITA6602*1,41205.884,28019.91,10301.471,A1 - Autostrada del Sole
94,IT*F2X*EF2XITA6602*2,24516.77,16671.41,6129.1925,A1 - Autostrada del Sole
95,IT*F2X*EF2XITA6651*1,4498.207,2474.01,1124.55175,A1 - Autostrada del Sole
96,IT*F2X*EF2XITA6651*2,487.139,258.85,121.78475,A1 - Autostrada del Sole
97,IT*F2X*EF2XITA6651*3,1066.596,479.85,266.649,A1 - Autostrada del Sole
98,IT*F2X*EF2XITA7001*1,18357.338,12472.2,4589.3345,A1  Autostrada del Sole
99,IT*F2X*EF2XITA7001*2,20096.488,13665.61,5024.122,A1  Autostrada del Sole
100,IT*F2X*EF2XITA7002*1,42059.185,28525.99,10514.79625,A1  Autostrada del Sole
101,IT*F2X*EF2XITA7002*2,33338.777,22670.32,8334.69425,A1  Autostrada del Sole
102,IT*F2X*EF2XITA7051*1,2159.624,1187.82,539.906,A1  Autostrada del Sole
103,IT*F2X*EF2XITA7051*2,608.341,332.38,152.08525,A1  Autostrada del Sole
104,IT*F2X*EF2XITA7051*3,756.515,340.4,189.12875,A1  Autostrada del Sole
105,IT*F2X*EF2XITA7101*1,36647.747,24918.86,9161.93675,A1  Autostrada del Sole
106,IT*F2X*EF2XITA7101*2,12903.1,8774.12,3225.775,A1  Autostrada del Sole
107,IT*F2X*EF2XITA7102*1,23003.725,15632.27,5750.93125,A1  Autostrada del Sole
108,IT*F2X*EF2XITA7102*2,24205.519,16459.71,6051.37975,A1  Autostrada del Sole
109,IT*F2X*EF2XITA7151*1,3827.035,2104.84,956.75875,A1  Autostrada del Sole
110,IT*F2X*EF2XITA7151*2,576.874,315.02,144.2185,A1  Autostrada del Sole
111,IT*F2X*EF2XITA7151*3,813.937,366.04,203.48425,A1  Autostrada del Sole
112,IT*F2X*EF2XITA8501*1,37097.032,25203.43,9274.258,A1 - Autostrada del Sole
113,IT*F2X*EF2XITA8501*2,28902.923,19624.45,7225.73075,A1 - Autostrada del Sole
114,IT*F2X*EF2XITA8502*1,24962.323,16973.0,6240.58075,A1 - Autostrada del Sole
115,IT*F2X*EF2XITA8502*2,25943.249,17603.9,6485.81225,A1 - Autostrada del Sole
116,IT*F2X*EF2XITA8551*1,3689.22,2029.1200000000001,922.305,A1 - Autostrada del Sole
117,IT*F2X*EF2XITA8551*2,519.5,285.67,129.875,A1 - Autostrada del Sole
118,IT*F2X*EF2XITA8551*3,901.796,405.57,225.449,A1 - Autostrada del Sole
119,IT*F2X*EF2XITA8601*1,24888.903,16909.71,6222.22575,A1 - Autostrada del Sole
120,IT*F2X*EF2XITA8601*2,21882.141,14879.81,5470.53525,A1 - Autostrada del Sole
121,IT*F2X*EF2XITA8602*1,24820.453,16877.83,6205.11325,A1 - Autostrada del Sole
122,IT*F2X*EF2XITA8602*2,27290.938,18557.7,6822.7345,A1 - Autostrada del Sole
123,IT*F2X*EF2XITA8651*1,2807.082,1528.09,701.7705,A1 - Autostrada del Sole
124,IT*F2X*EF2XITA8651*2,516.348,274.79,129.087,A1 - Autostrada del Sole
125,IT*F2X*EF2XITA8651*3,679.852,305.86,169.963,A1 - Autostrada del Sole
126,IT*F2X*EF2XITA9001*1,3455.51,2349.76,863.8775,A1 - Autostrada del Sole
127,IT*F2X*EF2XITA9001*2,3028.36,2059.31,757.09,A1 - Autostrada del Sole
128,IT*F2X*EF2XITA9002*1,5298.974,3603.27,1324.7435,A1 - Autostrada del Sole
129,IT*F2X*EF2XITA9002*2,3582.797,2436.32,895.69925,A1 - Autostrada del Sole
130,IT*F2X*EF2XITA9051*1,481.89,265.06,120.4725,A1 - Autostrada del Sole
131,IT*F2X*EF2XITA9051*2,94.326,51.88,23.5815,A1 - Autostrada del Sole
132,IT*F2X*EF2XITA9051*3,291.135,131.0,72.78375,A1 - Autostrada del Sole
133,IT*F2X*EF2XITA9601*1,28494.832,19342.18,7123.708,A1 - Autostrada del Sole
134,IT*F2X*EF2XITA9601*2,18303.14,12395.09,4575.785,A1 - Autostrada del Sole
135,IT*F2X*EF2XITA9602*1,27958.12,19010.57,6989.53,A1 - Autostrada del Sole
136,IT*F2X*EF2XITA9602*2,25493.112,17260.24,6373.278,A1 - Autostrada del Sole
137,IT*F2X*EF2XITA9651*1,496.199,272.9,124.04975,A1 - Autostrada del Sole
138,IT*F2X*EF2XITA9651*2,1065.393,479.27,266.34825,A1 - Autostrada del Sole
139,IT*F2X*EF2XITB0501*1,14326.455,9729.75,3581.61375,Autostrada del Sole
140,IT*F2X*EF2XITB0501*2,15898.924,10714.6,3974.731,Autostrada del Sole
141,IT*F2X*EF2XITB0502*1,28797.914,19458.36,7199.4785,Autostrada del Sole
142,IT*F2X*EF2XITB0502*2,15295.349,10369.17,3823.83725,Autostrada del Sole
143,IT*F2X*EF2XITB0601*1,6662.11,4465.52,1665.5275,Autostrada del Sole
144,IT*F2X*EF2XITB0601*2,4119.909,2800.0,1029.97725,Autostrada del Sole
145,IT*F2X*EF2XITB0602*1,7174.662,4793.49,1793.6655,Autostrada del Sole
146,IT*F2X*EF2XITB0602*2,5066.604,3391.27,1266.651,Autostrada del Sole
147,IT*F2X*EF2XITB0651*1,228.171,120.64,57.04275,Autostrada del Sole
148,IT*F2X*EF2XITB0651*2,50.275999999999996,27.66,12.568999999999999,Autostrada del Sole
149,IT*F2X*EF2XITB0651*3,163.821,72.85000000000001,40.95525,Autostrada del Sole
150,IT*F2X*EF2XITB2101*1,6204.632,4197.8,1551.158,Autostrada del Sole
151,IT*F2X*EF2XITB2101*2,4311.217,2931.32,1077.80425,Autostrada del Sole
152,IT*F2X*EF2XITB2102*1,12836.974,8660.86,3209.2435,Autostrada del Sole
153,IT*F2X*EF2XITB2102*2,9335.697,6344.17,2333.92425,Autostrada del Sole
154,IT*F2X*EF2XITB2151*1,486.407,263.4,121.60175,Autostrada del Sole
155,IT*F2X*EF2XITB2151*2,220.76,121.42,55.19,Autostrada del Sole
156,IT*F2X*EF2XITB2151*3,313.969,141.25,78.49225,Autostrada del Sole
157,IT*F2X*EF2XITB2501*1,18574.124,12455.8,4643.531,A1 - Autostrada del Sole
158,IT*F2X*EF2XITB2501*2,13001.024,8840.77,3250.256,A1 - Autostrada del Sole
159,IT*F2X*EF2XITB2502*1,21992.928,14955.11,5498.232,A1 - Autostrada del Sole
160,IT*F2X*EF2XITB2502*2,12357.72,8378.07,3089.43,A1 - Autostrada del Sole
161,IT*F2X*EF2XITB2551*1,978.517,538.1899999999999,244.62925,A1 - Autostrada del Sole
162,IT*F2X*EF2XITB2551*2,342.504,188.37,85.626,A1 - Autostrada del Sole
163,IT*F2X*EF2XITB2551*3,514.553,231.49,128.63825,A1 - Autostrada del Sole
164,IT*F2X*EF2XITB2601*1,16351.674,11083.18,4087.9185,A1 - Autostrada del Sole
165,IT*F2X*EF2XITB2601*2,12247.935,8307.18,3061.98375,A1 - Autostrada del Sole
166,IT*F2X*EF2XITB2602*1,24248.375,16355.17,6062.09375,A1 - Autostrada del Sole
167,IT*F2X*EF2XITB2602*2,14179.388,9620.52,3544.847,A1 - Autostrada del Sole
168,IT*F2X*EF2XITB2651*1,1396.233,767.86,349.05825,A1 - Autostrada del Sole
169,IT*F2X*EF2XITB2651*2,342.628,188.45,85.657,A1 - Autostrada del Sole
170,IT*F2X*EF2XITB2651*3,326.684,146.69,81.671,A1 - Autostrada del Sole
171,IT*F2X*EF2XITB4001*1,20482.192,13924.43,5120.548,Autostrada del Sole
172,IT*F2X*EF2XITB4001*2,15130.434,10288.56,3782.6085,Autostrada del Sole
173,IT*F2X*EF2XITB4002*1,50414.036,33925.62,12603.509,Autostrada del Sole
174,IT*F2X*EF2XITB4002*2,37102.89,25079.91,9275.7225,Autostrada del Sole
175,IT*F2X*EF2XITB4051*1,6111.956,3361.55,1527.989,Autostrada del Sole
176,IT*F2X*EF2XITB4051*2,740.403,407.23,185.10075,Autostrada del Sole
177,IT*F2X*EF2XITB4051*3,1214.551,546.48,303.63775,Autostrada del Sole
178,IT*F2X*EF2XITB4101*1,47544.508,32206.11,11886.127,Autostrada del Sole
179,IT*F2X*EF2XITB4101*2,36997.612,25141.31,9249.403,Autostrada del Sole
180,IT*F2X*EF2XITB4102*1,35599.188,24145.86,8899.797,Autostrada del Sole
181,IT*F2X*EF2XITB4102*2,13717.497,9327.88,3429.37425,Autostrada del Sole
182,IT*F2X*EF2XITB4151*1,4890.784,2670.65,1222.696,Autostrada del Sole
183,IT*F2X*EF2XITB4151*2,582.053,320.02,145.51325,Autostrada del Sole
184,IT*F2X*EF2XITB4151*3,1544.291,694.75,386.07275,Autostrada del Sole
185,IT*F2X*EF2XITB4501*1,49734.565,33802.47,12433.64125,Autostrada del Sole
186,IT*F2X*EF2XITB4501*2,29355.198,19907.9,7338.7995,Autostrada del Sole
187,IT*F2X*EF2XITB4502*1,31228.076,21234.44,7807.019,Autostrada del Sole
188,IT*F2X*EF2XITB4502*2,31052.778,21107.45,7763.1945,Autostrada del Sole
189,IT*F2X*EF2XITB4551*1,4141.551,2260.43,1035.38775,Autostrada del Sole
190,IT*F2X*EF2XITB4551*2,647.1,355.89,161.775,Autostrada del Sole
191,IT*F2X*EF2XITB4551*3,928.383,417.59999999999997,232.09575,Autostrada del Sole
192,IT*F2X*EF2XITB4601*1,31433.819,21330.68,7858.45475,Autostrada del Sole
193,IT*F2X*EF2XITB4601*2,16921.706,11433.29,4230.4265,Autostrada del Sole
194,IT*F2X*EF2XITB4602*1,16636.469,11265.59,4159.11725,Autostrada del Sole
195,IT*F2X*EF2XITB4602*2,29082.944,19669.59,7270.736,Autostrada del Sole
196,IT*F2X*EF2XITB4651*1,1959.4279999999999,1069.18,489.85699999999997,Autostrada del Sole
197,IT*F2X*EF2XITB4651*2,553.058,304.17,138.2645,Autostrada del Sole
198,IT*F2X*EF2XITB4651*3,1095.876,493.0,273.969,Autostrada del Sole
199,IT*F2X*EF2XITB5101*1,42958.832,29196.15,10739.708,Autostrada A1- Direzione Napoli Km 708
200,IT*F2X*EF2XITB5101*2,26818.496,18164.53,6704.624,Autostrada A1- Direzione Napoli Km 708
201,IT*F2X*EF2XITB5102*1,40506.016,27544.02,10126.504,Autostrada A1- Direzione Napoli Km 708
202,IT*F2X*EF2XITB5102*2,23029.618,15651.17,5757.4045,Autostrada A1- Direzione Napoli Km 708
203,IT*F2X*EF2XITB5151*1,3050.593,1666.96,762.64825,Autostrada A1- Direzione Napoli Km 708
204,IT*F2X*EF2XITB5151*2,390.799,214.87,97.69975,Autostrada A1- Direzione Napoli Km 708
205,IT*F2X*EF2XITB5151*3,1359.329,611.68,339.83225,Autostrada A1- Direzione Napoli Km 708
206,IT*F2X*EF2XITB5501*1,35870.658,24392.13,8967.6645,Autostrada del Sole
207,IT*F2X*EF2XITB5501*2,19439.763,13218.05,4859.94075,Autostrada del Sole
208,IT*F2X*EF2XITB5502*1,35059.99,21111.86,8764.9975,Autostrada del Sole
209,IT*F2X*EF2XITB5502*2,31101.874,21134.62,7775.4685,Autostrada del Sole
210,IT*F2X*EF2XITB5551*1,3143.706,1729.07,785.9265,Autostrada del Sole
211,IT*F2X*EF2XITB5551*2,312.779,172.04,78.19475,Autostrada del Sole
212,IT*F2X*EF2XITB5551*3,867.755,390.49,216.93875,Autostrada del Sole
213,IT*F2X*EF2XITB5701*1,363.671,240.49,90.91775,A1 - Autostrada del Sole
214,IT*F2X*EF2XITB5701*2,454.405,309.01,113.60125,A1 - Autostrada del Sole
215,IT*F2X*EF2XITB5702*1,1080.829,733.46,270.20725,A1 - Autostrada del Sole
216,IT*F2X*EF2XITB5702*2,1616.931,1092.0,404.23275,A1 - Autostrada del Sole
217,IT*F2X*EF2XITB5751*1,183.554,100.09,45.8885,A1 - Autostrada del Sole
218,IT*F2X*EF2XITB5751*2,9.664,5.32,2.416,A1 - Autostrada del Sole
219,IT*F2X*EF2XITB5751*3,84.792,37.83,21.198,A1 - Autostrada del Sole
220,IT*F2X*EF2XITD0101*1,12226.682,8310.63,3056.6705,Torino - Trieste
221,IT*F2X*EF2XITD0101*2,9222.357,6243.62,2305.58925,Torino - Trieste
222,IT*F2X*EF2XITD0102*1,17397.353,11830.01,4349.33825,Torino - Trieste
223,IT*F2X*EF2XITD0102*2,7682.307,5220.94,1920.57675,Torino - Trieste
224,IT*F2X*EF2XITD0151*1,1495.711,819.5,373.92775,Torino - Trieste
225,IT*F2X*EF2XITD0151*2,468.589,257.73,117.14725,Torino - Trieste
226,IT*F2X*EF2XITD0151*3,715.432,321.35,178.858,Torino - Trieste
227,IT*F2X*EF2XITD1101*1,4535.488,3077.5,1133.872,A4 Torino - Trieste
228,IT*F2X*EF2XITD1101*2,5924.198,4013.06,1481.0495,A4 Torino - Trieste
229,IT*F2X*EF2XITD1102*1,7258.772,4928.05,1814.693,A4 Torino - Trieste
230,IT*F2X*EF2XITD1102*2,3683.6349999999998,2498.6,920.9087499999999,A4 Torino - Trieste
231,IT*F2X*EF2XITD1151*1,780.44,425.92,195.11,A4 Torino - Trieste
232,IT*F2X*EF2XITD1151*2,152.685,83.99,38.17125,A4 Torino - Trieste
233,IT*F2X*EF2XITD1151*3,340.463,152.56,85.11575,A4 Torino - Trieste
234,IT*F2X*EF2XITD2001*1,37403.268000000004,25434.2,9350.817000000001,A4 Torino - Trieste
235,IT*F2X*EF2XITD2001*2,41648.92,28321.27,10412.23,A4 Torino - Trieste
236,IT*F2X*EF2XITD2002*1,40460.944,27513.35,10115.236,A4 Torino - Trieste
237,IT*F2X*EF2XITD2002*2,24100.876,16388.51,6025.219,A4 Torino - Trieste
238,IT*F2X*EF2XITD2051*1,2631.473,1446.77,657.86825,A4 Torino - Trieste
239,IT*F2X*EF2XITD2051*2,873.403,480.38,218.35075,A4 Torino - Trieste
240,IT*F2X*EF2XITD2051*3,1522.631,683.17,380.65775,A4 Torino - Trieste
241,IT*F2X*EF2XITD2101*1,44000.188,29919.93,11000.047,A4 Torino - Trieste
242,IT*F2X*EF2XITD2101*2,28807.476,19588.75,7201.869,A4 Torino - Trieste
243,IT*F2X*EF2XITD2102*1,54077.224,36772.54,13519.306,A4 Torino - Trieste
244,IT*F2X*EF2XITD2102*2,36425.94,24769.57,9106.485,A4 Torino - Trieste
245,IT*F2X*EF2XITD2151*1,1913.234,1028.44,478.3085,A4 Torino - Trieste
246,IT*F2X*EF2XITD2151*2,736.254,404.99,184.0635,A4 Torino - Trieste
247,IT*F2X*EF2XITD2151*3,1319.666,593.86,329.9165,A4 Torino - Trieste
248,IT*F2X*EF2XITD3001*1,1901.394,1292.91,475.3485,A4 Torino - Venezia
249,IT*F2X*EF2XITD3001*2,1340.683,911.69,335.17075,A4 Torino - Venezia
250,IT*F2X*EF2XITD3002*1,7979.645,5426.19,1994.91125,A4 Torino - Venezia
251,IT*F2X*EF2XITD3002*2,8113.46,5517.2,2028.365,A4 Torino - Venezia
252,IT*F2X*EF2XITD3051*1,360.407,198.21,90.10175,A4 Torino - Venezia
253,IT*F2X*EF2XITD3051*2,213.92,117.66,53.48,A4 Torino - Venezia
254,IT*F2X*EF2XITD3051*3,269.185,121.16,67.29625,A4 Torino - Venezia
255,IT*F2X*EF2XITD5001*1,48556.046,33004.86,12139.0115,A4 Torino - Trieste
256,IT*F2X*EF2XITD5001*2,46857.75,31863.2,11714.4375,A4 Torino - Trieste
257,IT*F2X*EF2XITD5002*1,61843.538,42034.6,15460.8845,A4 Torino - Trieste
258,IT*F2X*EF2XITD5002*2,50692.116,34469.89,12673.029,A4 Torino - Trieste
259,IT*F2X*EF2XITD5051*1,3075.971,1691.75,768.99275,A4 Torino - Trieste
260,IT*F2X*EF2XITD5051*2,1097.045,599.47,274.26125,A4 Torino - Trieste
261,IT*F2X*EF2XITD5051*3,815.569,366.93,203.89225,A4 Torino - Trieste
262,IT*F2X*EF2XITD5101*1,45463.77,30915.36,11365.9425,A4 Torino - Trieste
263,IT*F2X*EF2XITD5101*2,34036.118,23144.37,8509.0295,A4 Torino - Trieste
264,IT*F2X*EF2XITD5102*1,61747.266,41988.1,15436.8165,A4 Torino - Trieste
265,IT*F2X*EF2XITD5102*2,42220.468,28709.86,10555.117,A4 Torino - Trieste
266,IT*F2X*EF2XITD5151*1,3037.482,1670.6,759.3705,A4 Torino - Trieste
267,IT*F2X*EF2XITD5151*2,1058.012,579.09,264.503,A4 Torino - Trieste
268,IT*F2X*EF2XITD5151*3,991.215,445.96999999999997,247.80375,A4 Torino - Trieste
269,IT*F2X*EF2XITG7001*1,12514.882,8509.02,3128.7205,A7 - Autostrada dei Giovi
270,IT*F2X*EF2XITG7001*2,7093.078,4821.69,1773.2695,A7 - Autostrada dei Giovi
271,IT*F2X*EF2XITG7002*1,9097.44,6186.25,2274.36,A7 - Autostrada dei Giovi
272,IT*F2X*EF2XITG7002*2,13194.005,8971.91,3298.50125,A7 - Autostrada dei Giovi
273,IT*F2X*EF2XITG7051*1,510.349,280.7,127.58725,A7 - Autostrada dei Giovi
274,IT*F2X*EF2XITG7051*2,170.30700000000002,93.67,42.576750000000004,A7 - Autostrada dei Giovi
275,IT*F2X*EF2XITG7051*3,319.133,143.6,79.78325,A7 - Autostrada dei Giovi
276,IT*F2X*EF2XITG7101*1,1629.009,1107.72,407.25225,A7 - Autostrada dei Giovi
277,IT*F2X*EF2XITG7101*2,505.452,343.72,126.363,A7 - Autostrada dei Giovi
278,IT*F2X*EF2XITG7102*1,3563.152,2366.48,890.788,A7 - Autostrada dei Giovi
279,IT*F2X*EF2XITG7102*2,2478.569,1685.45,619.64225,A7 - Autostrada dei Giovi
280,IT*F2X*EF2XITH3001*1,31273.566,21266.09,7818.3915,Autostrada dei laghi
281,IT*F2X*EF2XITH3001*2,39370.15,26771.76,9842.5375,Autostrada dei laghi
282,IT*F2X*EF2XITH3002*1,51506.208,35024.03,12876.552,Autostrada dei laghi
283,IT*F2X*EF2XITH3002*2,24494.316,16656.21,6123.579,Autostrada dei laghi
284,IT*F2X*EF2XITH3051*1,2281.0099999999998,1254.55,570.2524999999999,Autostrada dei laghi
285,IT*F2X*EF2XITH3051*2,362.024,199.12,90.506,Autostrada dei laghi
286,IT*F2X*EF2XITH3051*3,573.188,257.89,143.297,Autostrada dei laghi
287,IT*F2X*EF2XITH3101*1,15564.948,10584.13,3891.237,Autostrada dei laghi
288,IT*F2X*EF2XITH3101*2,17296.616,11761.71,4324.154,Autostrada dei laghi
289,IT*F2X*EF2XITH3102*1,36776.226,25007.95,9194.0565,Autostrada dei laghi
290,IT*F2X*EF2XITH3102*2,13377.331,9096.21,3344.33275,Autostrada dei laghi
291,IT*F2X*EF2XITH3151*1,1715.158,943.34,428.7895,Autostrada dei laghi
292,IT*F2X*EF2XITH3151*2,648.117,356.41,162.02925,Autostrada dei laghi
293,IT*F2X*EF2XITH3151*3,248.883,111.83,62.22075,Autostrada dei laghi
294,IT*F2X*EF2XITI1001*1,43384.058,29501.15,10846.0145,A9 Autostrada dei laghi
295,IT*F2X*EF2XITI1001*2,54098.736,36787.08,13524.684,A9 Autostrada dei laghi
296,IT*F2X*EF2XITI1002*1,44848.175,30496.68,11212.04375,A9 Autostrada dei laghi
297,IT*F2X*EF2XITI1002*2,27452.283,18667.62,6863.07075,A9 Autostrada dei laghi
298,IT*F2X*EF2XITI1101*1,26232.409,17837.65,6558.10225,A9 Autostrada dei laghi
299,IT*F2X*EF2XITI1101*2,40275.666,27387.52,10068.9165,A9 Autostrada dei laghi
300,IT*F2X*EF2XITI1102*1,39838.542,27090.01,9959.6355,A9 Autostrada dei laghi
301,IT*F2X*EF2XITI1102*2,23856.751,16222.44,5964.18775,A9 Autostrada dei laghi
302,IT*F2X*EF2XITI1151*1,3584.069,1971.16,896.01725,A9 Autostrada dei laghi
303,IT*F2X*EF2XITI1151*2,440.647,242.34,110.16175,A9 Autostrada dei laghi
304,IT*F2X*EF2XITI1151*3,546.015,245.7,136.50375,A9 Autostrada dei laghi
305,IT*F2X*EF2XITJ3001*1,22731.004,15456.74,5682.751,Autostrada dei fiori
306,IT*F2X*EF2XITJ3001*2,23441.888,15939.31,5860.472,Autostrada dei fiori
307,IT*F2X*EF2XITJ3002*1,19091.276,12982.11,4772.819,Autostrada dei fiori
308,IT*F2X*EF2XITJ3002*2,17129.679,11648.15,4282.41975,Autostrada dei fiori
309,IT*F2X*EF2XITJ3051*1,2323.937,1278.17,580.98425,Autostrada dei fiori
310,IT*F2X*EF2XITJ3051*2,470.956,219.61,117.739,Autostrada dei fiori
311,IT*F2X*EF2XITJ3051*3,675.107,303.65,168.77675,Autostrada dei fiori
312,IT*F2X*EF2XITK1101*1,32851.394,22277.04,8212.8485,Autostrada Firenze-Mare
313,IT*F2X*EF2XITK1101*2,20286.314,13794.52,5071.5785,Autostrada Firenze-Mare
314,IT*F2X*EF2XITK1102*1,13718.917,9328.61,3429.72925,Autostrada Firenze-Mare
315,IT*F2X*EF2XITK1102*2,11832.352,8046.07,2958.088,Autostrada Firenze-Mare
316,IT*F2X*EF2XITK1151*1,681.903,374.56,170.47575,Autostrada Firenze-Mare
317,IT*F2X*EF2XITK1151*2,444.067,244.24,111.01675,Autostrada Firenze-Mare
318,IT*F2X*EF2XITK1151*3,361.582,162.14,90.3955,Autostrada Firenze-Mare
319,IT*F2X*EF2XITL2001*1,14379.238,9735.58,3594.8095,A12 civitavecchia - Roma
320,IT*F2X*EF2XITL2001*2,4415.363,3002.47,1103.84075,A12 civitavecchia - Roma
321,IT*F2X*EF2XITL2002*1,6536.163,4444.64,1634.04075,A12 civitavecchia - Roma
322,IT*F2X*EF2XITL2002*2,9657.213,6507.67,2414.30325,A12 civitavecchia - Roma
323,IT*F2X*EF2XITL2051*1,4446.23,2416.4,1111.5575,A12 civitavecchia - Roma
324,IT*F2X*EF2XITL2051*2,188.979,103.92999999999999,47.24475,A12 civitavecchia - Roma
325,IT*F2X*EF2XITL2051*3,537.835,241.89000000000001,134.45875,A12 civitavecchia - Roma
326,IT*F2X*EF2XITL2101*1,22879.990999999998,15508.22,5719.9977499999995,A12 civitavecchia - Roma
327,IT*F2X*EF2XITL2102*1,11568.108,7866.34,2892.027,A12 civitavecchia - Roma
328,IT*F2X*EF2XITL2102*2,14881.008,10118.9,3720.252,A12 civitavecchia - Roma
329,IT*F2X*EF2XITL2151*1,851.285,455.6,212.82125,A12 civitavecchia - Roma
330,IT*F2X*EF2XITL2151*2,84.608,46.53,21.152,A12 civitavecchia - Roma
331,IT*F2X*EF2XITL2151*3,336.158,150.95,84.0395,A12 civitavecchia - Roma
332,IT*F2X*EF2XITL9001*1,20815.824,14154.59,5203.956,A12 Autostrada Azzurra
333,IT*F2X*EF2XITL9001*2,13082.345,8878.37,3270.58625,A12 Autostrada Azzurra
334,IT*F2X*EF2XITL9002*1,25718.508,17488.55,6429.627,A12 Autostrada Azzurra
335,IT*F2X*EF2XITL9002*2,26722.974,18170.97,6680.7435,A12 Autostrada Azzurra
336,IT*F2X*EF2XITL9051*1,1750.379,957.22,437.59475,A12 Autostrada Azzurra
337,IT*F2X*EF2XITL9051*2,386.211,200.0,96.55275,A12 Autostrada Azzurra
338,IT*F2X*EF2XITL9051*3,498.692,224.38,124.673,A12 Autostrada Azzurra
339,IT*F2X*EF2XITL9101*1,27992.039,19007.65,6998.00975,A12 Autostrada Azzurra
340,IT*F2X*EF2XITL9101*2,14965.327,10176.35,3741.33175,A12 Autostrada Azzurra
341,IT*F2X*EF2XITL9102*1,9079.11,6173.8,2269.7775,A12 Autostrada Azzurra
342,IT*F2X*EF2XITL9102*2,14338.459,9749.94,3584.61475,A12 Autostrada Azzurra
343,IT*F2X*EF2XITL9151*1,2196.567,1196.65,549.14175,A12 Autostrada Azzurra
344,IT*F2X*EF2XITL9151*2,262.132,144.17,65.533,A12 Autostrada Azzurra
345,IT*F2X*EF2XITL9151*3,446.448,200.7,111.612,A12 Autostrada Azzurra
346,IT*F2X*EF2XITLINC01*1,34110.656,23195.12,8527.664,Aeroporto Linate Commerciale
347,IT*F2X*EF2XITLINC01*2,53729.816,36536.11,13432.454,Aeroporto Linate Commerciale
348,IT*F2X*EF2XITLINC02*1,37041.752,25188.38,9260.438,Aeroporto Linate Commerciale
349,IT*F2X*EF2XITLINC02*2,48361.86,32885.94,12090.465,Aeroporto Linate Commerciale
350,IT*F2X*EF2XITLINC03*1,34881.204,23719.01,8720.301,Aeroporto Linate Commerciale
351,IT*F2X*EF2XITLINC03*2,51363.572,34927.01,12840.893,Aeroporto Linate Commerciale
352,IT*F2X*EF2XITLINC04*1,30773.702,20906.01,7693.4255,Aeroporto Linate Commerciale
353,IT*F2X*EF2XITLINC04*2,46522.508,31627.98,11630.627,Aeroporto Linate Commerciale
354,IT*F2X*EF2XITLINC05*1,24494.277,16656.08,6123.56925,Aeroporto Linate Commerciale
355,IT*F2X*EF2XITLINC05*2,47997.962,32611.83,11999.4905,Aeroporto Linate Commerciale
356,IT*F2X*EF2XITLINC51*1,8175.856,4496.7,2043.964,Aeroporto Linate - Arrivi
357,IT*F2X*EF2XITLINC51*2,441.967,243.08,110.49175,Aeroporto Linate - Arrivi
358,IT*F2X*EF2XITLINC51*3,5561.61,2502.65,1390.4025,Aeroporto Linate - Arrivi
359,IT*F2X*EF2XITLINP01*1,3992.4,2714.87,998.1,Viale dell'Aviazione
360,IT*F2X*EF2XITLINP01*2,1799.055,1223.39,449.76375,Viale dell'Aviazione
361,IT*F2X*EF2XITLINP51*1,1424.305,640.9,356.07625,Viale dell'Aviazione
362,IT*F2X*EF2XITLINP51*2,1101.419,495.67,275.35475,Viale dell'Aviazione
363,IT*F2X*EF2XITM1001*1,10214.932,6946.19,2553.733,A13 Bologna - Padova
364,IT*F2X*EF2XITM1001*2,16059.115,10920.17,4014.77875,A13 Bologna - Padova
365,IT*F2X*EF2XITM1002*1,22217.616,15107.85,5554.404,A13 Bologna - Padova
366,IT*F2X*EF2XITM1002*2,7279.409,4949.97,1819.85225,A13 Bologna - Padova
367,IT*F2X*EF2XITM1051*1,846.913,465.76,211.72825,A13 Bologna - Padova
368,IT*F2X*EF2XITM1051*2,503.979,277.18,125.99475,A13 Bologna - Padova
369,IT*F2X*EF2XITM1051*3,565.402,254.42000000000002,141.3505,A13 Bologna - Padova
370,IT*F2X*EF2XITM1101*1,21423.886,14536.79,5355.9715,A13 Bologna - Padova
371,IT*F2X*EF2XITM1101*2,7834.43,5327.36,1958.6075,A13 Bologna - Padova
372,IT*F2X*EF2XITM1102*1,11472.328,7801.11,2868.082,A13 Bologna - Padova
373,IT*F2X*EF2XITM1102*2,15454.284,10508.83,3863.571,A13 Bologna - Padova
374,IT*F2X*EF2XITM1151*1,724.025,398.22,181.00625,A13 Bologna - Padova
375,IT*F2X*EF2XITM1151*2,399.321,218.66,99.83025,A13 Bologna - Padova
376,IT*F2X*EF2XITM1151*3,275.373,123.92999999999999,68.84325,A13 Bologna - Padova
377,IT*F2X*EF2XITM2001*1,32457.872,22033.32,8114.468,A13 Bologna - Padova
378,IT*F2X*EF2XITM2001*2,18013.944,12249.42,4503.486,A13 Bologna - Padova
379,IT*F2X*EF2XITM2002*1,23809.432,16158.22,5952.358,A13 Bologna - Padova
380,IT*F2X*EF2XITM2002*2,22991.314,15615.46,5747.8285,A13 Bologna - Padova
381,IT*F2X*EF2XITM2051*1,2679.1,1473.52,669.775,A13 Bologna - Padova
382,IT*F2X*EF2XITM2051*2,538.249,295.3,134.56225,A13 Bologna - Padova
383,IT*F2X*EF2XITM2051*3,864.04,388.58,216.01,A13 Bologna - Padova
384,IT*F2X*EF2XITM2101*1,23861.212,16225.59,5965.303,A13 Bologna - Padova
385,IT*F2X*EF2XITM2101*2,16341.888,11083.4,4085.472,A13 Bologna - Padova
386,IT*F2X*EF2XITM2102*1,15102.766,10269.54,3775.6915,A13 Bologna - Padova
387,IT*F2X*EF2XITM2102*2,10158.083,6907.53,2539.52075,A13 Bologna - Padova
388,IT*F2X*EF2XITM2151*1,1491.9279999999999,820.55,372.98199999999997,A13 Bologna - Padova
389,IT*F2X*EF2XITM2151*2,385.49,207.9,96.3725,A13 Bologna - Padova
390,IT*F2X*EF2XITM2151*3,565.372,254.4,141.343,A13 Bologna - Padova
391,IT*F2X*EF2XITM3001*1,3568.94,2426.9,892.235,"A13, Bologna - Padova"
392,IT*F2X*EF2XITM3001*2,3367.024,2289.56,841.756,"A13, Bologna - Padova"
393,IT*F2X*EF2XITM3002*1,3036.878,2065.13,759.2195,"A13, Bologna - Padova"
394,IT*F2X*EF2XITM3002*2,1884.161,1281.23,471.04025,"A13, Bologna - Padova"
395,IT*F2X*EF2XITM3051*1,109.166,60.04,27.2915,"A13, Bologna - Padova"
396,IT*F2X*EF2XITM3051*2,64.29899999999999,35.36,16.074749999999998,"A13, Bologna - Padova"
397,IT*F2X*EF2XITM3051*3,30.619,13.78,7.65475,"A13, Bologna - Padova"
398,IT*F2X*EF2XITM3101*1,19872.831,13513.47,4968.20775,"A13, Bologna - Padova"
399,IT*F2X*EF2XITM3101*2,13929.966,9472.36,3482.4915,"A13, Bologna - Padova"
400,IT*F2X*EF2XITM3102*1,7921.372,5386.59,1980.343,"A13, Bologna - Padova"
401,IT*F2X*EF2XITM3102*2,7907.073,5376.75,1976.76825,"A13, Bologna - Padova"
402,IT*F2X*EF2XITM3151*1,1635.885,899.74,408.97125,"A13, Bologna - Padova"
403,IT*F2X*EF2XITM3151*2,197.674,99.94,49.4185,"A13, Bologna - Padova"
404,IT*F2X*EF2XITM3151*3,297.693,133.95,74.42325,"A13, Bologna - Padova"
405,IT*F2X*EF2XITMPXP01*1,1154.225,784.89,288.55625,Aeroporto Milano Malpensa PRIME
406,IT*F2X*EF2XITMPXP01*2,701.6279999999999,477.11,175.40699999999998,Aeroporto Milano Malpensa PRIME
407,IT*F2X*EF2XITMPXP51*1,12.454,5.61,3.1135,Aeroporto Milano Malpensa PRIME
408,IT*F2X*EF2XITMPXP51*2,61.120000000000005,27.489999999999995,15.280000000000001,Aeroporto Milano Malpensa PRIME
409,IT*F2X*EF2XITMXPC01*1,14312.377,9726.43,3578.09425,Malpensa Aeroporto
410,IT*F2X*EF2XITMXPC01*2,29451.062,20009.16,7362.7655,Malpensa Aeroporto
411,IT*F2X*EF2XITMXPC02*1,18880.475,12833.48,4720.11875,Malpensa Aeroporto
412,IT*F2X*EF2XITMXPC02*2,33898.548,23048.1,8474.637,Malpensa Aeroporto
413,IT*F2X*EF2XITMXPC03*1,21178.5,14398.74,5294.625,Malpensa Aeroporto
414,IT*F2X*EF2XITMXPC03*2,27122.278,18441.08,6780.5695,Malpensa Aeroporto
415,IT*F2X*EF2XITMXPC51*1,2119.633,1162.85,529.90825,Malpensa Aeroporto
416,IT*F2X*EF2XITMXPC51*2,446.335,245.49,111.58375,Malpensa Aeroporto
417,IT*F2X*EF2XITMXPC51*3,1621.6490000000001,729.58,405.41225000000003,Malpensa Aeroporto
418,IT*F2X*EF2XITMXPP01*1,4176.382,2839.98,1044.0955,Aeroporto Milano Malpensa PRIME
419,IT*F2X*EF2XITMXPP01*2,1726.831,1174.28,431.70775,Aeroporto Milano Malpensa PRIME
420,IT*F2X*EF2XITMXPP51*1,127.128,57.21,31.782,Aeroporto Milano Malpensa PRIME
421,IT*F2X*EF2XITMXPP51*2,88.099,39.64,22.02475,Aeroporto Milano Malpensa PRIME
422,IT*F2X*EF2XITN0501*1,39938.028,27157.79,9984.507,A14 - Autostrada Adriatica
423,IT*F2X*EF2XITN0501*2,32582.128,22155.78,8145.532,A14 - Autostrada Adriatica
424,IT*F2X*EF2XITN0502*1,27338.32,18552.72,6834.58,A14 - Autostrada Adriatica
425,IT*F2X*EF2XITN0502*2,21515.404,14630.5,5378.851,A14 - Autostrada Adriatica
426,IT*F2X*EF2XITN0551*1,3082.1730000000002,1695.17,770.5432500000001,A14 - Autostrada Adriatica
427,IT*F2X*EF2XITN0551*2,543.565,294.49,135.89125,A14 - Autostrada Adriatica
428,IT*F2X*EF2XITN0551*3,772.335,347.4,193.08375,A14 - Autostrada Adriatica
429,IT*F2X*EF2XITN0601*1,30518.772,20752.62,7629.693,Autostrada Adriatica
430,IT*F2X*EF2XITN0601*2,28682.588,19504.04,7170.647,Autostrada Adriatica
431,IT*F2X*EF2XITN0602*1,40791.58,27738.25,10197.895,Autostrada Adriatica
432,IT*F2X*EF2XITN0602*2,37050.996,25194.65,9262.749,Autostrada Adriatica
433,IT*F2X*EF2XITN0651*1,2248.987,1236.92,562.24675,Autostrada Adriatica
434,IT*F2X*EF2XITN0651*2,510.696,274.26,127.674,Autostrada Adriatica
435,IT*F2X*EF2XITN0651*3,918.128,413.08,229.532,Autostrada Adriatica
436,IT*F2X*EF2XITN1001*1,31617.945,21500.27,7904.48625,A14 - Autostrada Adriatica
437,IT*F2X*EF2XITN1001*2,29999.991,20399.91,7499.99775,A14 - Autostrada Adriatica
438,IT*F2X*EF2XITN1002*1,38229.288,25995.93,9557.322,A14 - Autostrada Adriatica
439,IT*F2X*EF2XITN1002*2,26430.327,17972.64,6607.58175,A14 - Autostrada Adriatica
440,IT*F2X*EF2XITN1051*1,3622.6259999999997,1966.74,905.6564999999999,A14 - Autostrada Adriatica
441,IT*F2X*EF2XITN1051*2,737.112,401.91,184.278,A14 - Autostrada Adriatica
442,IT*F2X*EF2XITN1051*3,939.564,422.73,234.891,A14 - Autostrada Adriatica
443,IT*F2X*EF2XITN1101*1,19590.531,13321.48,4897.63275,A14 - Autostrada Adriatica
444,IT*F2X*EF2XITN1101*2,33398.562,22711.05,8349.6405,A14 - Autostrada Adriatica
445,IT*F2X*EF2XITN1102*1,47609.699,32374.65,11902.42475,A14 - Autostrada Adriatica
446,IT*F2X*EF2XITN1102*2,26827.643,18242.45,6706.91075,A14 - Autostrada Adriatica
447,IT*F2X*EF2XITN1151*1,5455.134,3000.25,1363.7835,A14 - Autostrada Adriatica
448,IT*F2X*EF2XITN1151*2,557.261,302.77,139.31525,A14 - Autostrada Adriatica
449,IT*F2X*EF2XITN1151*3,1058.941,476.31,264.73525,A14 - Autostrada Adriatica
450,IT*F2X*EF2XITN3001*1,34757.977,23618.829999999998,8689.49425,A14 - Autostrada Adriatica
451,IT*F2X*EF2XITN3001*2,27372.221,18580.26,6843.05525,A14 - Autostrada Adriatica
452,IT*F2X*EF2XITN3002*1,30740.917,20903.76,7685.22925,A14 - Autostrada Adriatica
453,IT*F2X*EF2XITN3002*2,27931.976,18993.64,6982.994,A14 - Autostrada Adriatica
454,IT*F2X*EF2XITN3051*1,1636.3899999999999,899.99,409.09749999999997,A14 - Autostrada Adriatica
455,IT*F2X*EF2XITN3051*2,935.782,514.66,233.9455,A14 - Autostrada Adriatica
456,IT*F2X*EF2XITN3051*3,326.358,146.85,81.5895,A14 - Autostrada Adriatica
457,IT*F2X*EF2XITN3601*1,33664.758,22859.83,8416.1895,Autostrada Adriatica
458,IT*F2X*EF2XITN3601*2,25467.04,17309.59,6366.76,Autostrada Adriatica
459,IT*F2X*EF2XITN3602*1,40309.44,27334.54,10077.36,Autostrada Adriatica
460,IT*F2X*EF2XITN3602*2,28697.136,19513.8,7174.284,Autostrada Adriatica
461,IT*F2X*EF2XITN3651*1,1831.096,1007.13,457.774,Autostrada Adriatica
462,IT*F2X*EF2XITN3651*2,1420.377,781.25,355.09425,Autostrada Adriatica
463,IT*F2X*EF2XITN3651*3,582.124,259.82,145.531,Autostrada Adriatica
464,IT*F2X*EF2XITN5001*1,31557.708,21437.88,7889.427,Autostrada Adriatica
465,IT*F2X*EF2XITN5001*2,19022.976,12935.6,4755.744,Autostrada Adriatica
466,IT*F2X*EF2XITN5002*1,38485.124,26168.64,9621.281,Autostrada Adriatica
467,IT*F2X*EF2XITN5002*2,24394.37,16588.06,6098.5925,Autostrada Adriatica
468,IT*F2X*EF2XITN5051*1,3509.064,1930.03,877.266,Autostrada Adriatica
469,IT*F2X*EF2XITN5051*2,750.368,412.68,187.592,Autostrada Adriatica
470,IT*F2X*EF2XITN5051*3,467.037,210.17,116.75925,Autostrada Adriatica
471,IT*F2X*EF2XITN5101*1,4907.587,3329.02,1226.89675,Autostrada Adriatica
472,IT*F2X*EF2XITN5101*2,3611.066,2452.66,902.7665,Autostrada Adriatica
473,IT*F2X*EF2XITN5102*1,5717.833,3866.43,1429.45825,Autostrada Adriatica
474,IT*F2X*EF2XITN5102*2,4014.538,2729.0299999999997,1003.6345,Autostrada Adriatica
475,IT*F2X*EF2XITN5151*1,280.868,147.21,70.217,Autostrada Adriatica
476,IT*F2X*EF2XITN5151*2,120.626,66.34,30.1565,Autostrada Adriatica
477,IT*F2X*EF2XITN5151*3,92.426,41.48,23.1065,Autostrada Adriatica
478,IT*F2X*EF2XITN5601*1,22238.89,15117.33,5559.7225,A14 - Autostrada Adriatica
479,IT*F2X*EF2XITN5601*2,9770.316,6608.52,2442.579,A14 - Autostrada Adriatica
480,IT*F2X*EF2XITN5602*1,26063.766,17720.93,6515.9415,A14 - Autostrada Adriatica
481,IT*F2X*EF2XITN5602*2,25048.108,17032.64,6262.027,A14 - Autostrada Adriatica
482,IT*F2X*EF2XITN5651*1,1584.436,871.45,396.109,A14 - Autostrada Adriatica
483,IT*F2X*EF2XITN5651*2,586.581,322.65,146.64525,A14 - Autostrada Adriatica
484,IT*F2X*EF2XITN5651*3,474.724,213.6,118.681,A14 - Autostrada Adriatica
485,IT*F2X*EF2XITN6501*1,20145.236,13697.73,5036.309,Autostrada Adriatica
486,IT*F2X*EF2XITN6501*2,9797.833,6662.45,2449.45825,Autostrada Adriatica
487,IT*F2X*EF2XITN6502*1,11999.564,8122.53,2999.891,Autostrada Adriatica
488,IT*F2X*EF2XITN6502*2,18543.518,12572.5,4635.8795,Autostrada Adriatica
489,IT*F2X*EF2XITN6551*1,1112.627,611.92,278.15675,Autostrada Adriatica
490,IT*F2X*EF2XITN6551*2,439.116,241.53,109.779,Autostrada Adriatica
491,IT*F2X*EF2XITN6551*3,282.962,127.27,70.7405,Autostrada Adriatica
492,IT*F2X*EF2XITN6601*1,20312.692,13751.1,5078.173,Autostrada Adriatica
493,IT*F2X*EF2XITN6601*2,15150.44,10257.45,3787.61,Autostrada Adriatica
494,IT*F2X*EF2XITN6602*1,13603.588,9250.49,3400.897,Autostrada Adriatica
495,IT*F2X*EF2XITN6602*2,9800.911,6664.48,2450.22775,Autostrada Adriatica
496,IT*F2X*EF2XITN6651*1,1425.741,784.13,356.43525,Autostrada Adriatica
497,IT*F2X*EF2XITN6651*2,394.79200000000003,217.13,98.69800000000001,Autostrada Adriatica
498,IT*F2X*EF2XITN6651*3,282.571,127.14,70.64275,Autostrada Adriatica
499,IT*F2X*EF2XITN8001*1,28566.93,19425.73,7141.7325,Autostrada Adriatica
500,IT*F2X*EF2XITN8001*2,15650.8,10642.57,3912.7,Autostrada Adriatica
501,IT*F2X*EF2XITN8002*1,12755.673,8673.79,3188.91825,Autostrada Adriatica
502,IT*F2X*EF2XITN8002*2,11582.482,7876.07,2895.6205,Autostrada Adriatica
503,IT*F2X*EF2XITN8051*1,837.952,460.84999999999997,209.488,Autostrada Adriatica
504,IT*F2X*EF2XITN8051*2,1077.507,592.58,269.37675,Autostrada Adriatica
505,IT*F2X*EF2XITN8051*3,356.617,160.42,89.15425,Autostrada Adriatica
506,IT*F2X*EF2XITN8101*1,9411.14,6399.62,2352.785,Autostrada Adriatica
507,IT*F2X*EF2XITN8101*2,12938.856,8798.56,3234.714,Autostrada Adriatica
508,IT*F2X*EF2XITN8102*1,23160.292,15714.11,5790.073,Autostrada Adriatica
509,IT*F2X*EF2XITN8102*2,9714.312,6605.76,2428.578,Autostrada Adriatica
510,IT*F2X*EF2XITN8151*1,1140.432,627.21,285.108,Autostrada Adriatica
511,IT*F2X*EF2XITN8151*2,903.595,496.99,225.89875,Autostrada Adriatica
512,IT*F2X*EF2XITN8151*3,338.618,152.34,84.6545,Autostrada Adriatica
513,IT*F2X*EF2XITN9001*1,5232.159,3554.65,1308.03975,A14 - Autostrada Adriatica
514,IT*F2X*EF2XITN9001*2,4590.475,3110.2,1147.61875,A14 - Autostrada Adriatica
515,IT*F2X*EF2XITN9002*1,3485.392,2359.0099999999998,871.348,A14 - Autostrada Adriatica
516,IT*F2X*EF2XITN9002*2,1973.223,1332.18,493.30575,A14 - Autostrada Adriatica
517,IT*F2X*EF2XITN9051*1,362.699,191.68,90.67475,A14 - Autostrada Adriatica
518,IT*F2X*EF2XITN9051*2,101.151,55.63,25.28775,A14 - Autostrada Adriatica
519,IT*F2X*EF2XITN9051*3,44.602999999999994,20.07,11.150749999999999,A14 - Autostrada Adriatica
520,IT*F2X*EF2XITN9101*1,10953.322,7448.25,2738.3305,Autostrada Adriatica
521,IT*F2X*EF2XITN9101*2,9980.145,6786.45,2495.03625,Autostrada Adriatica
522,IT*F2X*EF2XITN9102*1,13383.898,9101.1,3345.9745,Autostrada Adriatica
523,IT*F2X*EF2XITN9102*2,6815.433,4633.36,1703.85825,Autostrada Adriatica
524,IT*F2X*EF2XITN9151*1,982.328,540.3100000000001,245.582,Autostrada Adriatica
525,IT*F2X*EF2XITN9151*2,558.342,307.09,139.5855,Autostrada Adriatica
526,IT*F2X*EF2XITN9151*3,218.24099999999999,98.21000000000001,54.560249999999996,Autostrada Adriatica
527,IT*F2X*EF2XITO1001*1,15421.194,10486.46,3855.2985,A14 - Autostrada Adriatica
528,IT*F2X*EF2XITO1001*2,11108.938,7553.93,2777.2345,A14 - Autostrada Adriatica
529,IT*F2X*EF2XITO1002*1,21253.071,14411.13,5313.26775,A14 - Autostrada Adriatica
530,IT*F2X*EF2XITO1002*2,13992.164,9460.6,3498.041,A14 - Autostrada Adriatica
531,IT*F2X*EF2XITO1051*1,1093.529,581.17,273.38225,A14 - Autostrada Adriatica
532,IT*F2X*EF2XITO1051*2,256.911,141.3,64.22775,A14 - Autostrada Adriatica
533,IT*F2X*EF2XITO1051*3,376.868,169.56,94.217,A14 - Autostrada Adriatica
534,IT*F2X*EF2XITO1101*1,9200.832,6255.22,2300.208,A14 - Autostrada Adriatica
535,IT*F2X*EF2XITO1101*2,10719.508,7289.3,2679.877,A14 - Autostrada Adriatica
536,IT*F2X*EF2XITO1102*1,14594.511,9924.26,3648.62775,A14 - Autostrada Adriatica
537,IT*F2X*EF2XITO1102*2,12078.194,8213.2,3019.5485,A14 - Autostrada Adriatica
538,IT*F2X*EF2XITO1151*1,669.972,368.48,167.493,A14 - Autostrada Adriatica
539,IT*F2X*EF2XITO1151*2,194.666,107.06,48.6665,A14 - Autostrada Adriatica
540,IT*F2X*EF2XITO1151*3,374.969,168.72,93.74225,A14 - Autostrada Adriatica
541,IT*F2X*EF2XITO2001*1,330.674,213.57,82.6685,A14 - Autostrada Adriatica
542,IT*F2X*EF2XITO2001*2,321.222,214.95999999999998,80.3055,A14 - Autostrada Adriatica
543,IT*F2X*EF2XITO2002*1,643.03,428.28,160.7575,A14 - Autostrada Adriatica
544,IT*F2X*EF2XITO2002*2,368.496,247.1,92.124,A14 - Autostrada Adriatica
545,IT*F2X*EF2XITO2051*1,2.44,0.0,0.61,A14 - Autostrada Adriatica
546,IT*F2X*EF2XITO2051*3,2.5330000000000004,0.81,0.6332500000000001,A14 - Autostrada Adriatica
547,IT*F2X*EF2XITO2101*1,1589.344,1080.77,397.336,A14 - Autostrada Adriatica
548,IT*F2X*EF2XITO2101*2,2282.438,1552.06,570.6095,A14 - Autostrada Adriatica
549,IT*F2X*EF2XITO2102*1,2569.303,1747.11,642.32575,A14 - Autostrada Adriatica
550,IT*F2X*EF2XITO2102*2,1417.762,964.08,354.4405,A14 - Autostrada Adriatica
551,IT*F2X*EF2XITO2151*1,146.53,80.61,36.6325,A14 - Autostrada Adriatica
552,IT*F2X*EF2XITO2151*3,12.541,5.64,3.13525,A14 - Autostrada Adriatica
553,IT*F2X*EF2XITO3501*1,24774.872,16846.85,6193.718,Autostrada Adriatica
554,IT*F2X*EF2XITO3501*2,12502.3,8501.52,3125.575,Autostrada Adriatica
555,IT*F2X*EF2XITO3502*1,21367.8,14528.19,5341.95,Autostrada Adriatica
556,IT*F2X*EF2XITO3502*2,20502.556,13941.66,5125.639,Autostrada Adriatica
557,IT*F2X*EF2XITO3551*1,1526.003,839.3,381.50075,Autostrada Adriatica
558,IT*F2X*EF2XITO3551*2,293.73,161.55,73.4325,Autostrada Adriatica
559,IT*F2X*EF2XITO3551*3,238.166,107.14,59.5415,Autostrada Adriatica
560,IT*F2X*EF2XITO3601*1,20133.597999999998,13690.86,5033.3994999999995,Autostrada Adriatica
561,IT*F2X*EF2XITO3601*2,13297.16,9042.07,3324.29,Autostrada Adriatica
562,IT*F2X*EF2XITO3602*1,31189.462,21207.92,7797.3655,Autostrada Adriatica
563,IT*F2X*EF2XITO3602*2,19496.232,13240.93,4874.058,Autostrada Adriatica
564,IT*F2X*EF2XITO3651*1,1401.824,771.02,350.456,Autostrada Adriatica
565,IT*F2X*EF2XITO3651*2,310.398,170.72,77.5995,Autostrada Adriatica
566,IT*F2X*EF2XITO3651*3,335.109,150.74,83.77725,Autostrada Adriatica
567,IT*F2X*EF2XITO4501*1,17568.813,11924.12,4392.20325,A14 - Autostrada Adriatica
568,IT*F2X*EF2XITO4501*2,9730.752,6570.29,2432.688,A14 - Autostrada Adriatica
569,IT*F2X*EF2XITO4502*1,8148.993,5511.76,2037.24825,A14 - Autostrada Adriatica
570,IT*F2X*EF2XITO4502*2,10911.754,7400.77,2727.9385,A14 - Autostrada Adriatica
571,IT*F2X*EF2XITO4551*1,353.615,187.01,88.40375,A14 - Autostrada Adriatica
572,IT*F2X*EF2XITO4551*2,199.799,109.89,49.94975,A14 - Autostrada Adriatica
573,IT*F2X*EF2XITO4551*3,111.893,50.29,27.97325,A14 - Autostrada Adriatica
574,IT*F2X*EF2XITO4601*1,4840.063,3257.69,1210.01575,A14 - Autostrada Adriatica
575,IT*F2X*EF2XITO4601*2,6099.499,4120.41,1524.87475,A14 - Autostrada Adriatica
576,IT*F2X*EF2XITP2001*1,11433.265,7773.16,2858.31625,Autostrada dei due Mari
577,IT*F2X*EF2XITP2001*2,6906.373,4696.34,1726.59325,Autostrada dei due Mari
578,IT*F2X*EF2XITP2002*1,19487.128,13240.32,4871.782,Autostrada dei due Mari
579,IT*F2X*EF2XITP2002*2,8175.123,5559.07,2043.78075,Autostrada dei due Mari
580,IT*F2X*EF2XITP2051*1,710.518,390.82,177.6295,Autostrada dei due Mari
581,IT*F2X*EF2XITP2051*2,38.208,21.02,9.552,Autostrada dei due Mari
582,IT*F2X*EF2XITP2051*3,183.033,82.33,45.75825,Autostrada dei due Mari
583,IT*F2X*EF2XITP2101*1,15117.853,10279.31,3779.46325,Autostrada dei due Mari
584,IT*F2X*EF2XITP2101*2,9139.839,6215.14,2284.95975,Autostrada dei due Mari
585,IT*F2X*EF2XITP2102*1,17647.809,11916.45,4411.95225,Autostrada dei due Mari
586,IT*F2X*EF2XITP2102*2,6052.513,4115.71,1513.12825,Autostrada dei due Mari
587,IT*F2X*EF2XITP2151*1,1120.507,601.55,280.12675,Autostrada dei due Mari
588,IT*F2X*EF2XITP2151*2,95.94200000000001,52.78,23.985500000000002,Autostrada dei due Mari
589,IT*F2X*EF2XITP2151*3,289.915,130.47,72.47875,Autostrada dei due Mari
590,IT*F2X*EF2XITP3101*1,4163.143,2830.86,1040.78575,A16 - Autostrada dei Due Mari
591,IT*F2X*EF2XITP3101*2,3022.236,2043.68,755.559,A16 - Autostrada dei Due Mari
592,IT*F2X*EF2XITP3102*1,6029.316,4099.92,1507.329,A16 - Autostrada dei Due Mari
593,IT*F2X*EF2XITP3102*2,2737.947,1838.15,684.48675,A16 - Autostrada dei Due Mari
594,IT*F2X*EF2XITP3151*1,149.194,82.06,37.2985,A16 - Autostrada dei Due Mari
595,IT*F2X*EF2XITP3151*2,51.291000000000004,28.21,12.822750000000001,A16 - Autostrada dei Due Mari
596,IT*F2X*EF2XITP3151*3,129.593,58.29,32.39825,A16 - Autostrada dei Due Mari
597,IT*F2X*EF2XITP4001*1,9479.165,6445.82,2369.79125,A16 Autostrada dei due Mari
598,IT*F2X*EF2XITP4001*2,11137.035,7573.13,2784.25875,A16 Autostrada dei due Mari
599,IT*F2X*EF2XITP4002*1,16974.297,11542.38,4243.57425,A16 Autostrada dei due Mari
600,IT*F2X*EF2XITP4002*2,8221.68,5571.89,2055.42,A16 Autostrada dei due Mari
601,IT*F2X*EF2XITP4051*1,1149.102,632.0,287.2755,A16 Autostrada dei due Mari
602,IT*F2X*EF2XITP4051*2,367.324,202.03,91.831,A16 Autostrada dei due Mari
603,IT*F2X*EF2XITP4051*3,583.739,262.61,145.93475,A16 Autostrada dei due Mari
604,IT*F2X*EF2XITP4101*1,9790.61,6657.6,2447.6525,A16 Autostrada dei due Mari
605,IT*F2X*EF2XITP4101*2,4481.878,3021.08,1120.4695,A16 Autostrada dei due Mari
606,IT*F2X*EF2XITP4102*1,9898.931,6731.22,2474.73275,A16 Autostrada dei due Mari
607,IT*F2X*EF2XITP4102*2,9439.215,6398.8,2359.80375,A16 Autostrada dei due Mari
608,IT*F2X*EF2XITP4151*1,816.078,438.48,204.0195,A16 Autostrada dei due Mari
609,IT*F2X*EF2XITP4151*2,225.242,123.87,56.3105,A16 Autostrada dei due Mari
610,IT*F2X*EF2XITP4151*3,355.846,160.08,88.9615,A16 Autostrada dei due Mari
611,IT*F2X*EF2XITT0101*1,2587.364,1759.35,646.841,A56 Ramo Capodichino
612,IT*F2X*EF2XITT0101*2,2337.549,1589.48,584.38725,A56 Ramo Capodichino
613,IT*F2X*EF2XITT0102*1,2881.9610000000002,1959.74,720.4902500000001,A56 Ramo Capodichino
614,IT*F2X*EF2XITT0151*1,119.813,65.89,29.95325,A56 Ramo Capodichino
615,IT*F2X*EF2XITT0151*3,69.906,31.44,17.4765,A56 Ramo Capodichino
616,IT*F2X*EF2XITT0201*1,25391.368,17183.98,6347.842,A56
617,IT*F2X*EF2XITT0201*2,18384.368,12501.31,4596.092,A56
618,IT*F2X*EF2XITT0202*1,21097.352,14346.11,5274.338,A56
619,IT*F2X*EF2XITT0202*2,18040.557,12267.54,4510.13925,A56
620,IT*F2X*EF2XITW1101*1,894.0699999999999,601.84,223.51749999999998,A23 Autostrada Palmanova-Tarvisio
621,IT*F2X*EF2XITW1101*2,4036.213,2726.42,1009.05325,A23 Autostrada Palmanova-Tarvisio
622,IT*F2X*EF2XITW1102*1,3784.52,2550.64,946.13,A23 Autostrada Palmanova-Tarvisio
623,IT*F2X*EF2XITW1102*2,4463.345,3012.45,1115.83625,A23 Autostrada Palmanova-Tarvisio
624,IT*F2X*EF2XITW3001*1,2673.905,1813.68,668.47625,A23 Autostrada Palmanova-Tarvisio
625,IT*F2X*EF2XITW3001*2,6575.488,4468.26,1643.872,A23 Autostrada Palmanova-Tarvisio
626,IT*F2X*EF2XITW3002*1,2634.127,1781.56,658.53175,A23 Autostrada Palmanova-Tarvisio
627,IT*F2X*EF2XITW3002*2,4632.534,3140.11,1158.1335,A23 Autostrada Palmanova-Tarvisio
628,IT*F2X*EF2XITW3051*1,206.26999999999998,105.87,51.567499999999995,A23 Autostrada Palmanova-Tarvisio
629,IT*F2X*EF2XITW3051*2,47.802,26.29,11.9505,A23 Autostrada Palmanova-Tarvisio
630,IT*F2X*EF2XITW3051*3,46.349000000000004,20.1,11.587250000000001,A23 Autostrada Palmanova-Tarvisio
631,IT*F2X*EF2XITX2001*1,31235.349,21226.69,7808.83725,A26 - Autostrada dei Trafori
632,IT*F2X*EF2XITX2001*2,26889.85,18276.09,6722.4625,A26 - Autostrada dei Trafori
633,IT*F2X*EF2XITX2002*1,19054.204,12956.94,4763.551,A26 - Autostrada dei Trafori
634,IT*F2X*EF2XITX2002*2,30232.59,20556.33,7558.1475,A26 - Autostrada dei Trafori
635,IT*F2X*EF2XITX2051*1,2487.208,1367.94,621.802,A26 - Autostrada dei Trafori
636,IT*F2X*EF2XITX2051*2,743.402,408.86,185.8505,A26 - Autostrada dei Trafori
637,IT*F2X*EF2XITX2051*3,853.906,384.21,213.4765,A26 - Autostrada dei Trafori
638,IT*F2X*EF2XITX2101*1,25604.346,17410.97,6401.0865,A26 - Autostrada dei Trafori
639,IT*F2X*EF2XITX2101*2,29925.024,20348.92,7481.256,A26 - Autostrada dei Trafori
640,IT*F2X*EF2XITX2102*1,35414.816,24082.03,8853.704,A26 - Autostrada dei Trafori
641,IT*F2X*EF2XITX2102*2,40497.358,27538.25,10124.3395,A26 - Autostrada dei Trafori
642,IT*F2X*EF2XITX2151*1,3209.321,1765.17,802.33025,A26 - Autostrada dei Trafori
643,IT*F2X*EF2XITX2151*2,593.949,325.98,148.48725,A26 - Autostrada dei Trafori
644,IT*F2X*EF2XITX2151*3,769.716,346.35,192.429,A26 - Autostrada dei Trafori
645,IT*F2X*EF2XITX5001*1,17746.212,12065.55,4436.553,A26 Autostrada dei Trafori
646,IT*F2X*EF2XITX5001*2,17605.188,11971.37,4401.297,A26 Autostrada dei Trafori
647,IT*F2X*EF2XITX5002*1,22775.62,15468.4,5693.905,A26 Autostrada dei Trafori
648,IT*F2X*EF2XITX5002*2,17013.536,11569.31,4253.384,A26 Autostrada dei Trafori
649,IT*F2X*EF2XITX5051*1,1535.148,826.66,383.787,A26 Autostrada dei Trafori
650,IT*F2X*EF2XITX5051*2,462.705,254.48,115.67625,A26 Autostrada dei Trafori
651,IT*F2X*EF2XITX5051*3,263.53,118.54,65.8825,A26 Autostrada dei Trafori
652,IT*F2X*EF2XITX5101*1,25735.024,17499.75,6433.756,A26 Autostrada dei Trafori
653,IT*F2X*EF2XITX5101*2,13440.032,9139.17,3360.008,A26 Autostrada dei Trafori
654,IT*F2X*EF2XITX5102*1,17535.776,11879.38,4383.944,A26 Autostrada dei Trafori
655,IT*F2X*EF2XITX5102*2,25081.698,17055.63,6270.4245,A26 Autostrada dei Trafori
656,IT*F2X*EF2XITX5151*1,2297.899,1263.69,574.47475,A26 Autostrada dei Trafori
657,IT*F2X*EF2XITX5151*2,392.861,196.94,98.21525,A26 Autostrada dei Trafori
658,IT*F2X*EF2XITX5151*3,506.971,228.11,126.74275,A26 Autostrada dei Trafori
659,IT*F2X*EF2XITY3001*1,18198.031,12353.43,4549.50775,A27 - Autostrada d'Alemagna
660,IT*F2X*EF2XITY3001*2,20294.452,13749.52,5073.613,A27 - Autostrada d'Alemagna
661,IT*F2X*EF2XITY3002*1,12063.658,8166.34,3015.9145,A27 - Autostrada d'Alemagna
662,IT*F2X*EF2XITY3002*2,7570.577,5148.0,1892.64425,A27 - Autostrada d'Alemagna
663,IT*F2X*EF2XITY3051*1,1603.315,881.76,400.82875,A27 - Autostrada d'Alemagna
664,IT*F2X*EF2XITY3051*2,188.374,99.64,47.0935,A27 - Autostrada d'Alemagna
665,IT*F2X*EF2XITY3051*3,255.565,114.98,63.89125,A27 - Autostrada d'Alemagna
666,IT*F2X*EF2XITY3101*1,16284.228,11073.19,4071.057,A27 - Autostrada d'Alemagna
667,IT*F2X*EF2XITY3101*2,11526.829,7838.24,2881.70725,A27 - Autostrada d'Alemagna
668,IT*F2X*EF2XITY3102*1,12961.944,8814.13,3240.486,A27 - Autostrada d'Alemagna
669,IT*F2X*EF2XITY3102*2,10413.128,7080.17,2603.282,A27 - Autostrada d'Alemagna
670,IT*F2X*EF2XITY3151*1,1013.72,557.51,253.43,A27 - Autostrada d'Alemagna
671,IT*F2X*EF2XITY3151*2,126.926,58.83,31.7315,A27 - Autostrada d'Alemagna
672,IT*F2X*EF2XITY3151*3,106.62,47.91,26.655,A27 - Autostrada d'Alemagna
673,IT*F2X*EF2XITZ9901*1,41470.752,28200.1,10367.688,A1 - Autostrada del Sole
674,IT*F2X*EF2XITZ9901*2,26174.824,17734.83,6543.706,A1 - Autostrada del Sole
675,IT*F2X*EF2XITZ9902*1,27419.008,18644.21,6854.752,A1 - Autostrada del Sole
676,IT*F2X*EF2XITZ9902*2,23335.9,15868.44,5833.975,A1 - Autostrada del Sole
677,IT*F2X*EF2XITZ9951*1,2381.807,1290.28,595.45175,A1 - Autostrada del Sole
678,IT*F2X*EF2XITZ9951*2,358.921,191.60999999999999,89.73025,A1 - Autostrada del Sole
679,IT*F2X*EF2XITZ9951*3,801.472,360.6,200.368,A1 - Autostrada del Sole
680,IT*F2X*EITDGRM00001*1,0.033,0.0,0.00825,Via Alberto Bergamini
